itemid,name,bomc_id,timestamp,value,cmdb_id
999999996470837,container_fail_percent,ZJ-004-065,1590076837000,0.000000,container_001
999999996470922,container_fail_percent,ZJ-004-065,1590076837000,0.000000,container_002
999999996470837,container_fail_percent,ZJ-004-065,1590076896000,0.000000,container_001
999999996470922,container_fail_percent,ZJ-004-065,1590076896000,0.000000,container_002
999999996470837,container_fail_percent,ZJ-004-065,1590076953000,0.000000,container_001
999999996470922,container_fail_percent,ZJ-004-065,1590076953000,0.000000,container_002
999999996470837,container_fail_percent,ZJ-004-065,1590077011000,0.000000,container_001
999999996470922,container_fail_percent,ZJ-004-065,1590077013000,0.000000,container_002
999999996470837,container_fail_percent,ZJ-004-065,1590077071000,0.000000,container_001
999999996470922,container_fail_percent,ZJ-004-065,1590077071000,0.000000,container_002
999999996470837,container_fail_percent,ZJ-004-065,1590077139000,0.000000,container_001
999999996470922,container_fail_percent,ZJ-004-065,1590077140000,0.000000,container_002
999999996470837,container_fail_percent,ZJ-004-065,1590077203000,0.000000,container_001
999999996470922,container_fail_percent,ZJ-004-065,1590077204000,0.000000,container_002
999999996470837,container_fail_percent,ZJ-004-065,1590077259000,0.000000,container_001
999999996470922,container_fail_percent,ZJ-004-065,1590077259000,0.000000,container_002
999999996470837,container_fail_percent,ZJ-004-065,1590077314000,0.000000,container_001
999999996470922,container_fail_percent,ZJ-004-065,1590077315000,0.000000,container_002
999999996470837,container_fail_percent,ZJ-004-065,1590077381000,0.000000,container_001
999999996470922,container_fail_percent,ZJ-004-065,1590077381000,0.000000,container_002
999999996470837,container_fail_percent,ZJ-004-065,1590077444000,0.000000,container_001
999999996470922,container_fail_percent,ZJ-004-065,1590077445000,0.000000,container_002
999999996470922,container_fail_percent,ZJ-004-065,1590077499000,0.000000,container_002
999999996470837,container_fail_percent,ZJ-004-065,1590077499000,0.000000,container_001
999999996470837,container_fail_percent,ZJ-004-065,1590077565000,0.000000,container_001
999999996470922,container_fail_percent,ZJ-004-065,1590077566000,0.000000,container_002
999999996470837,container_fail_percent,ZJ-004-065,1590077613000,0.000000,container_001
999999996470922,container_fail_percent,ZJ-004-065,1590077615000,0.000000,container_002
999999996470922,container_fail_percent,ZJ-004-065,1590077681000,0.000000,container_002
999999996470837,container_fail_percent,ZJ-004-065,1590077681000,0.000000,container_001
999999996470837,container_fail_percent,ZJ-004-065,1590077740000,0.000000,container_001
999999996470922,container_fail_percent,ZJ-004-065,1590077740000,0.000000,container_002
999999996470837,container_fail_percent,ZJ-004-065,1590077800000,0.000000,container_001
999999996470922,container_fail_percent,ZJ-004-065,1590077800000,0.000000,container_002
999999996470837,container_fail_percent,ZJ-004-065,1590077857000,0.000000,container_001
999999996470922,container_fail_percent,ZJ-004-065,1590077857000,0.000000,container_002
999999996470837,container_fail_percent,ZJ-004-065,1590077920000,0.000000,container_001
999999996470922,container_fail_percent,ZJ-004-065,1590077920000,0.000000,container_002
999999996470837,container_fail_percent,ZJ-004-065,1590077981000,0.000000,container_001
999999996470922,container_fail_percent,ZJ-004-065,1590077981000,0.000000,container_002
999999996470922,container_fail_percent,ZJ-004-065,1590078038000,0.000000,container_002
999999996470837,container_fail_percent,ZJ-004-065,1590078038000,0.000000,container_001
999999996470837,container_fail_percent,ZJ-004-065,1590078093000,0.000000,container_001
999999996470922,container_fail_percent,ZJ-004-065,1590078094000,0.000000,container_002
999999996470837,container_fail_percent,ZJ-004-065,1590078153000,0.000000,container_001
999999996470922,container_fail_percent,ZJ-004-065,1590078154000,0.000000,container_002
999999996470837,container_fail_percent,ZJ-004-065,1590078216000,0.000000,container_001
999999996470922,container_fail_percent,ZJ-004-065,1590078217000,0.000000,container_002
999999996470922,container_fail_percent,ZJ-004-065,1590078279000,0.000000,container_002
999999996470837,container_fail_percent,ZJ-004-065,1590078279000,0.000000,container_001
999999996470922,container_fail_percent,ZJ-004-065,1590078340000,0.000000,container_002
999999996470837,container_fail_percent,ZJ-004-065,1590078340000,0.000000,container_001
999999996470837,container_fail_percent,ZJ-004-065,1590078399000,0.000000,container_001
999999996470922,container_fail_percent,ZJ-004-065,1590078401000,0.000000,container_002
999999996470922,container_fail_percent,ZJ-004-065,1590078456000,0.000000,container_002
999999996470837,container_fail_percent,ZJ-004-065,1590078456000,0.000000,container_001
999999996470922,container_fail_percent,ZJ-004-065,1590078520000,0.000000,container_002
999999996470837,container_fail_percent,ZJ-004-065,1590078520000,0.000000,container_001
999999996470922,container_fail_percent,ZJ-004-065,1590078583000,0.000000,container_002
999999996470837,container_fail_percent,ZJ-004-065,1590078583000,0.000000,container_001
999999996470922,container_fail_percent,ZJ-004-065,1590078648000,0.000000,container_002
999999996470837,container_fail_percent,ZJ-004-065,1590078648000,0.000000,container_001
999999996470837,container_fail_percent,ZJ-004-065,1590078694000,0.000000,container_001
999999996470922,container_fail_percent,ZJ-004-065,1590078696000,0.000000,container_002
999999996470922,container_fail_percent,ZJ-004-065,1590078762000,0.000000,container_002
999999996470837,container_fail_percent,ZJ-004-065,1590078762000,0.000000,container_001
999999996470922,container_fail_percent,ZJ-004-065,1590078826000,0.000000,container_002
999999996470837,container_fail_percent,ZJ-004-065,1590078826000,0.000000,container_001
999999996470922,container_fail_percent,ZJ-004-065,1590078885000,0.000000,container_002
999999996470837,container_fail_percent,ZJ-004-065,1590078885000,0.000000,container_001
999999996470922,container_fail_percent,ZJ-004-065,1590078929000,0.000000,container_002
999999996470837,container_fail_percent,ZJ-004-065,1590078929000,0.000000,container_001
999999996470922,container_fail_percent,ZJ-004-065,1590078999000,0.000000,container_002
999999996470837,container_fail_percent,ZJ-004-065,1590078999000,0.000000,container_001
999999996470922,container_fail_percent,ZJ-004-065,1590079058000,0.000000,container_002
999999996470837,container_fail_percent,ZJ-004-065,1590079058000,0.000000,container_001
999999996470837,container_fail_percent,ZJ-004-065,1590079119000,0.000000,container_001
999999996470922,container_fail_percent,ZJ-004-065,1590079122000,0.000000,container_002
999999996470922,container_fail_percent,ZJ-004-065,1590079175000,0.000000,container_002
999999996470837,container_fail_percent,ZJ-004-065,1590079175000,0.000000,container_001
999999996470837,container_fail_percent,ZJ-004-065,1590079246000,0.000000,container_001
999999996470922,container_fail_percent,ZJ-004-065,1590079246000,0.000000,container_002
999999996470837,container_fail_percent,ZJ-004-065,1590079311000,0.000000,container_001
999999996470922,container_fail_percent,ZJ-004-065,1590079312000,0.000000,container_002
999999996470837,container_fail_percent,ZJ-004-065,1590079363000,0.000000,container_001
999999996470922,container_fail_percent,ZJ-004-065,1590079363000,0.000000,container_002
999999996470837,container_fail_percent,ZJ-004-065,1590079421000,0.000000,container_001
999999996470922,container_fail_percent,ZJ-004-065,1590079422000,0.000000,container_002
999999996470837,container_fail_percent,ZJ-004-065,1590079471000,0.000000,container_001
999999996470922,container_fail_percent,ZJ-004-065,1590079471000,0.000000,container_002
999999996470837,container_fail_percent,ZJ-004-065,1590079545000,0.000000,container_001
999999996470922,container_fail_percent,ZJ-004-065,1590079546000,0.000000,container_002
999999996470837,container_fail_percent,ZJ-004-065,1590079599000,0.000000,container_001
999999996470922,container_fail_percent,ZJ-004-065,1590079601000,0.000000,container_002
999999996470837,container_fail_percent,ZJ-004-065,1590079657000,0.000000,container_001
999999996470922,container_fail_percent,ZJ-004-065,1590079657000,0.000000,container_002
999999996470837,container_fail_percent,ZJ-004-065,1590079710000,0.000000,container_001
999999996470922,container_fail_percent,ZJ-004-065,1590079716000,0.000000,container_002
999999996470922,container_fail_percent,ZJ-004-065,1590079777000,0.000000,container_002
999999996470837,container_fail_percent,ZJ-004-065,1590079778000,0.000000,container_001
999999996470922,container_fail_percent,ZJ-004-065,1590079837000,0.000000,container_002
999999996470837,container_fail_percent,ZJ-004-065,1590079838000,0.000000,container_001
999999996470922,container_fail_percent,ZJ-004-065,1590079890000,0.000000,container_002
999999996470837,container_fail_percent,ZJ-004-065,1590079891000,0.000000,container_001
999999996470922,container_fail_percent,ZJ-004-065,1590079953000,0.000000,container_002
999999996470837,container_fail_percent,ZJ-004-065,1590079953000,0.000000,container_001
999999996470922,container_fail_percent,ZJ-004-065,1590080021000,0.000000,container_002
999999996470837,container_fail_percent,ZJ-004-065,1590080021000,0.000000,container_001
999999996470922,container_fail_percent,ZJ-004-065,1590080079000,0.000000,container_002
999999996470837,container_fail_percent,ZJ-004-065,1590080079000,0.000000,container_001
999999996470837,container_fail_percent,ZJ-004-065,1590080146000,0.000000,container_001
999999996470922,container_fail_percent,ZJ-004-065,1590080146000,0.000000,container_002
999999996470837,container_fail_percent,ZJ-004-065,1590080192000,0.000000,container_001
999999996470922,container_fail_percent,ZJ-004-065,1590080192000,0.000000,container_002
999999996470837,container_fail_percent,ZJ-004-065,1590080266000,0.000000,container_001
999999996470922,container_fail_percent,ZJ-004-065,1590080266000,0.000000,container_002
999999996470837,container_fail_percent,ZJ-004-065,1590080324000,0.000000,container_001
999999996470922,container_fail_percent,ZJ-004-065,1590080324000,0.000000,container_002
999999996470837,container_fail_percent,ZJ-004-065,1590080381000,0.000000,container_001
999999996470922,container_fail_percent,ZJ-004-065,1590080381000,0.000000,container_002
999999996470837,container_fail_percent,ZJ-004-065,1590080479000,0.000000,container_001
999999996470922,container_fail_percent,ZJ-004-065,1590080480000,0.000000,container_002
999999996470922,container_fail_percent,ZJ-004-065,1590080501000,0.000000,container_002
999999996470837,container_fail_percent,ZJ-004-065,1590080502000,0.000000,container_001
999999996470922,container_fail_percent,ZJ-004-065,1590080574000,0.000000,container_002
999999996470837,container_fail_percent,ZJ-004-065,1590080575000,0.000000,container_001
999999996470922,container_fail_percent,ZJ-004-065,1590080603000,0.000000,container_002
999999996470837,container_fail_percent,ZJ-004-065,1590080604000,0.000000,container_001
999999996470922,container_fail_percent,ZJ-004-065,1590080663000,0.000000,container_002
999999996470837,container_fail_percent,ZJ-004-065,1590080663000,0.000000,container_001
999999996470837,container_fail_percent,ZJ-004-065,1590080725000,0.000000,container_001
999999996470922,container_fail_percent,ZJ-004-065,1590080726000,0.000000,container_002
999999996470837,container_fail_percent,ZJ-004-065,1590080784000,0.000000,container_001
999999996470922,container_fail_percent,ZJ-004-065,1590080784000,0.000000,container_002
999999996470837,container_fail_percent,ZJ-004-065,1590080846000,0.000000,container_001
999999996470922,container_fail_percent,ZJ-004-065,1590080846000,0.000000,container_002
999999996470837,container_fail_percent,ZJ-004-065,1590080903000,0.000000,container_001
999999996470922,container_fail_percent,ZJ-004-065,1590080903000,0.000000,container_002
999999996470922,container_fail_percent,ZJ-004-065,1590080963000,0.000000,container_002
999999996470837,container_fail_percent,ZJ-004-065,1590080964000,0.000000,container_001
999999996470922,container_fail_percent,ZJ-004-065,1590081023000,0.000000,container_002
999999996470837,container_fail_percent,ZJ-004-065,1590081023000,0.000000,container_001
999999996470922,container_fail_percent,ZJ-004-065,1590081083000,0.000000,container_002
999999996470837,container_fail_percent,ZJ-004-065,1590081083000,0.000000,container_001
999999996470922,container_fail_percent,ZJ-004-065,1590081145000,0.000000,container_002
999999996470837,container_fail_percent,ZJ-004-065,1590081145000,0.000000,container_001
999999996470922,container_fail_percent,ZJ-004-065,1590081204000,0.000000,container_002
999999996470837,container_fail_percent,ZJ-004-065,1590081204000,0.000000,container_001
999999996470922,container_fail_percent,ZJ-004-065,1590081263000,0.000000,container_002
999999996470837,container_fail_percent,ZJ-004-065,1590081264000,0.000000,container_001
999999996470922,container_fail_percent,ZJ-004-065,1590082043000,0.000000,container_002
999999996470837,container_fail_percent,ZJ-004-065,1590082043000,0.000000,container_001
999999996470922,container_fail_percent,ZJ-004-065,1590082103000,0.000000,container_002
999999996470837,container_fail_percent,ZJ-004-065,1590082103000,0.000000,container_001
999999996470922,container_fail_percent,ZJ-004-065,1590082163000,0.000000,container_002
999999996470837,container_fail_percent,ZJ-004-065,1590082164000,0.000000,container_001
999999996470922,container_fail_percent,ZJ-004-065,1590082224000,0.000000,container_002
999999996470837,container_fail_percent,ZJ-004-065,1590082224000,0.000000,container_001
999999996470922,container_fail_percent,ZJ-004-065,1590082284000,0.000000,container_002
999999996470837,container_fail_percent,ZJ-004-065,1590082285000,0.000000,container_001
999999996470922,container_fail_percent,ZJ-004-065,1590082343000,0.000000,container_002
999999996470837,container_fail_percent,ZJ-004-065,1590082344000,0.000000,container_001
999999996470922,container_fail_percent,ZJ-004-065,1590082403000,0.000000,container_002
999999996470837,container_fail_percent,ZJ-004-065,1590082404000,0.000000,container_001
999999996470922,container_fail_percent,ZJ-004-065,1590082464000,0.000000,container_002
999999996470837,container_fail_percent,ZJ-004-065,1590082464000,0.000000,container_001
999999996470922,container_fail_percent,ZJ-004-065,1590082531000,0.000000,container_002
999999996470837,container_fail_percent,ZJ-004-065,1590082531000,0.000000,container_001
999999996470922,container_fail_percent,ZJ-004-065,1590082584000,0.000000,container_002
999999996470837,container_fail_percent,ZJ-004-065,1590082585000,0.000000,container_001
999999996470922,container_fail_percent,ZJ-004-065,1590082643000,0.000000,container_002
999999996470837,container_fail_percent,ZJ-004-065,1590082644000,0.000000,container_001
999999996470922,container_fail_percent,ZJ-004-065,1590082705000,0.000000,container_002
999999996470837,container_fail_percent,ZJ-004-065,1590082705000,0.000000,container_001
999999996470922,container_fail_percent,ZJ-004-065,1590082763000,0.000000,container_002
999999996470837,container_fail_percent,ZJ-004-065,1590082764000,0.000000,container_001
999999996470922,container_fail_percent,ZJ-004-065,1590082823000,0.000000,container_002
999999996470837,container_fail_percent,ZJ-004-065,1590082824000,0.000000,container_001
999999996470922,container_fail_percent,ZJ-004-065,1590082883000,0.000000,container_002
999999996470837,container_fail_percent,ZJ-004-065,1590082883000,0.000000,container_001
999999996470922,container_fail_percent,ZJ-004-065,1590082943000,0.000000,container_002
999999996470837,container_fail_percent,ZJ-004-065,1590082944000,0.000000,container_001
999999996470922,container_fail_percent,ZJ-004-065,1590083005000,0.000000,container_002
999999996470837,container_fail_percent,ZJ-004-065,1590083005000,0.000000,container_001
999999996470922,container_fail_percent,ZJ-004-065,1590083065000,0.000000,container_002
999999996470837,container_fail_percent,ZJ-004-065,1590083065000,0.000000,container_001
999999996470922,container_fail_percent,ZJ-004-065,1590083123000,0.000000,container_002
999999996470837,container_fail_percent,ZJ-004-065,1590083123000,0.000000,container_001
999999996470922,container_fail_percent,ZJ-004-065,1590083185000,0.000000,container_002
999999996470837,container_fail_percent,ZJ-004-065,1590083185000,0.000000,container_001
999999996470922,container_fail_percent,ZJ-004-065,1590083244000,0.000000,container_002
999999996470837,container_fail_percent,ZJ-004-065,1590083244000,0.000000,container_001
999999996470922,container_fail_percent,ZJ-004-065,1590083304000,0.000000,container_002
999999996470837,container_fail_percent,ZJ-004-065,1590083304000,0.000000,container_001
999999996470922,container_fail_percent,ZJ-004-065,1590083363000,0.000000,container_002
999999996470837,container_fail_percent,ZJ-004-065,1590083364000,0.000000,container_001
999999996470837,container_fail_percent,ZJ-004-065,1590083424000,0.000000,container_001
999999996470922,container_fail_percent,ZJ-004-065,1590083424000,0.000000,container_002
999999996470837,container_fail_percent,ZJ-004-065,1590083483000,0.000000,container_001
999999996470922,container_fail_percent,ZJ-004-065,1590083483000,0.000000,container_002
999999996470837,container_fail_percent,ZJ-004-065,1590084265000,0.000000,container_001
999999996470922,container_fail_percent,ZJ-004-065,1590084324000,0.000000,container_002
999999996470837,container_fail_percent,ZJ-004-065,1590084324000,0.000000,container_001
999999996470922,container_fail_percent,ZJ-004-065,1590084383000,0.000000,container_002
999999996470837,container_fail_percent,ZJ-004-065,1590084383000,0.000000,container_001
999999996470922,container_fail_percent,ZJ-004-065,1590084443000,0.000000,container_002
999999996470837,container_fail_percent,ZJ-004-065,1590084444000,0.000000,container_001
999999996470922,container_fail_percent,ZJ-004-065,1590084503000,0.000000,container_002
999999996470837,container_fail_percent,ZJ-004-065,1590084503000,0.000000,container_001
999999996470922,container_fail_percent,ZJ-004-065,1590084565000,0.000000,container_002
999999996470837,container_fail_percent,ZJ-004-065,1590084565000,0.000000,container_001
999999996470922,container_fail_percent,ZJ-004-065,1590084624000,0.000000,container_002
999999996470837,container_fail_percent,ZJ-004-065,1590084625000,0.000000,container_001
999999996470837,container_fail_percent,ZJ-004-065,1590084683000,0.000000,container_001
999999996470922,container_fail_percent,ZJ-004-065,1590084683000,0.000000,container_002
999999996470837,container_fail_percent,ZJ-004-065,1590084770000,0.000000,container_001
999999996470922,container_fail_percent,ZJ-004-065,1590084770000,0.000000,container_002
999999996470837,container_fail_percent,ZJ-004-065,1590084813000,0.000000,container_001
999999996470922,container_fail_percent,ZJ-004-065,1590084813000,0.000000,container_002
999999996470922,container_fail_percent,ZJ-004-065,1590084889000,0.000000,container_002
999999996470837,container_fail_percent,ZJ-004-065,1590084890000,0.000000,container_001
999999996470922,container_fail_percent,ZJ-004-065,1590084932000,0.000000,container_002
999999996470837,container_fail_percent,ZJ-004-065,1590084933000,0.000000,container_001
999999996470922,container_fail_percent,ZJ-004-065,1590085003000,0.000000,container_002
999999996470837,container_fail_percent,ZJ-004-065,1590085004000,0.000000,container_001
999999996470922,container_fail_percent,ZJ-004-065,1590085064000,0.000000,container_002
999999996470837,container_fail_percent,ZJ-004-065,1590085065000,0.000000,container_001
999999996470922,container_fail_percent,ZJ-004-065,1590085114000,0.000000,container_002
999999996470837,container_fail_percent,ZJ-004-065,1590085114000,0.000000,container_001
999999996470922,container_fail_percent,ZJ-004-065,1590085188000,0.000000,container_002
999999996470837,container_fail_percent,ZJ-004-065,1590085189000,0.000000,container_001
999999996470922,container_fail_percent,ZJ-004-065,1590085249000,0.000000,container_002
999999996470837,container_fail_percent,ZJ-004-065,1590085249000,0.000000,container_001
999999996470922,container_fail_percent,ZJ-004-065,1590085294000,0.000000,container_002
999999996470837,container_fail_percent,ZJ-004-065,1590085294000,0.000000,container_001
999999996470922,container_fail_percent,ZJ-004-065,1590085365000,0.000000,container_002
999999996470837,container_fail_percent,ZJ-004-065,1590085365000,0.000000,container_001
999999996470922,container_fail_percent,ZJ-004-065,1590085423000,0.000000,container_002
999999996470837,container_fail_percent,ZJ-004-065,1590085423000,0.000000,container_001
999999996470922,container_fail_percent,ZJ-004-065,1590085472000,0.000000,container_002
999999996470837,container_fail_percent,ZJ-004-065,1590085472000,0.000000,container_001
999999996470922,container_fail_percent,ZJ-004-065,1590085545000,0.000000,container_002
999999996470837,container_fail_percent,ZJ-004-065,1590085545000,0.000000,container_001
999999996470922,container_fail_percent,ZJ-004-065,1590085605000,0.000000,container_002
999999996470837,container_fail_percent,ZJ-004-065,1590085605000,0.000000,container_001
999999996470922,container_fail_percent,ZJ-004-065,1590085663000,0.000000,container_002
999999996470837,container_fail_percent,ZJ-004-065,1590085663000,0.000000,container_001
999999996470837,container_fail_percent,ZJ-004-065,1590085713000,0.000000,container_001
999999996470922,container_fail_percent,ZJ-004-065,1590085714000,0.000000,container_002
999999996470837,container_fail_percent,ZJ-004-065,1590085782000,0.000000,container_001
999999996470922,container_fail_percent,ZJ-004-065,1590085783000,0.000000,container_002
999999996470922,container_fail_percent,ZJ-004-065,1590085834000,0.000000,container_002
999999996470837,container_fail_percent,ZJ-004-065,1590085834000,0.000000,container_001
999999996470922,container_fail_percent,ZJ-004-065,1590085894000,0.000000,container_002
999999996470837,container_fail_percent,ZJ-004-065,1590085894000,0.000000,container_001
999999996470922,container_fail_percent,ZJ-004-065,1590085965000,0.000000,container_002
999999996470837,container_fail_percent,ZJ-004-065,1590085966000,0.000000,container_001
999999996470837,container_fail_percent,ZJ-004-065,1590086027000,0.000000,container_001
999999996470922,container_fail_percent,ZJ-004-065,1590086028000,0.000000,container_002
999999996470922,container_fail_percent,ZJ-004-065,1590086073000,0.000000,container_002
999999996470837,container_fail_percent,ZJ-004-065,1590086073000,0.000000,container_001
999999996470837,container_fail_percent,ZJ-004-065,1590086152000,0.000000,container_001
999999996470922,container_fail_percent,ZJ-004-065,1590086153000,0.000000,container_002
999999996470922,container_fail_percent,ZJ-004-065,1590086228000,0.000000,container_002
999999996470837,container_fail_percent,ZJ-004-065,1590086228000,0.000000,container_001
999999996470922,container_fail_percent,ZJ-004-065,1590086262000,0.000000,container_002
999999996470837,container_fail_percent,ZJ-004-065,1590086262000,0.000000,container_001
999999996470922,container_fail_percent,ZJ-004-065,1590086322000,0.000000,container_002
999999996470837,container_fail_percent,ZJ-004-065,1590086322000,0.000000,container_001
999999996470922,container_fail_percent,ZJ-004-065,1590086374000,0.000000,container_002
999999996470837,container_fail_percent,ZJ-004-065,1590086374000,0.000000,container_001
999999996470922,container_fail_percent,ZJ-004-065,1590086445000,0.000000,container_002
999999996470837,container_fail_percent,ZJ-004-065,1590086446000,0.000000,container_001
999999996470837,container_fail_percent,ZJ-004-065,1590086498000,0.000000,container_001
999999996470922,container_fail_percent,ZJ-004-065,1590086498000,0.000000,container_002
999999996470837,container_fail_percent,ZJ-004-065,1590086552000,0.000000,container_001
999999996470922,container_fail_percent,ZJ-004-065,1590086552000,0.000000,container_002
999999996470837,container_fail_percent,ZJ-004-065,1590086626000,0.000000,container_001
999999996470922,container_fail_percent,ZJ-004-065,1590086627000,0.000000,container_002
999999996470837,container_fail_percent,ZJ-004-065,1590086685000,0.000000,container_001
999999996470922,container_fail_percent,ZJ-004-065,1590086685000,0.000000,container_002
999999996470922,container_fail_percent,ZJ-004-065,1590086744000,0.000000,container_002
999999996470837,container_fail_percent,ZJ-004-065,1590086744000,0.000000,container_001
999999996470922,container_fail_percent,ZJ-004-065,1590086794000,0.000000,container_002
999999996470837,container_fail_percent,ZJ-004-065,1590086794000,0.000000,container_001
999999996470922,container_fail_percent,ZJ-004-065,1590086867000,0.000000,container_002
999999996470837,container_fail_percent,ZJ-004-065,1590086867000,0.000000,container_001
999999996470922,container_fail_percent,ZJ-004-065,1590086924000,0.000000,container_002
999999996470837,container_fail_percent,ZJ-004-065,1590086924000,0.000000,container_001
999999996470837,container_fail_percent,ZJ-004-065,1590086984000,0.000000,container_001
999999996470922,container_fail_percent,ZJ-004-065,1590086985000,0.000000,container_002
999999996470922,container_fail_percent,ZJ-004-065,1590087039000,0.000000,container_002
999999996470837,container_fail_percent,ZJ-004-065,1590087040000,0.000000,container_001
999999996470922,container_fail_percent,ZJ-004-065,1590087090000,0.000000,container_002
999999996470837,container_fail_percent,ZJ-004-065,1590087091000,0.000000,container_001
999999996470922,container_fail_percent,ZJ-004-065,1590087159000,0.000000,container_002
999999996470837,container_fail_percent,ZJ-004-065,1590087159000,0.000000,container_001
999999996470922,container_fail_percent,ZJ-004-065,1590087218000,0.000000,container_002
999999996470837,container_fail_percent,ZJ-004-065,1590087218000,0.000000,container_001
999999996470922,container_fail_percent,ZJ-004-065,1590087285000,0.000000,container_002
999999996470837,container_fail_percent,ZJ-004-065,1590087285000,0.000000,container_001
999999996470837,container_fail_percent,ZJ-004-065,1590087334000,0.000000,container_001
999999996470922,container_fail_percent,ZJ-004-065,1590087334000,0.000000,container_002
999999996470837,container_fail_percent,ZJ-004-065,1590087409000,0.000000,container_001
999999996470922,container_fail_percent,ZJ-004-065,1590087410000,0.000000,container_002
999999996470837,container_fail_percent,ZJ-004-065,1590087464000,0.000000,container_001
999999996470922,container_fail_percent,ZJ-004-065,1590087464000,0.000000,container_002
999999996470837,container_fail_percent,ZJ-004-065,1590087527000,0.000000,container_001
999999996470922,container_fail_percent,ZJ-004-065,1590087528000,0.000000,container_002
999999996470837,container_fail_percent,ZJ-004-065,1590087579000,0.000000,container_001
999999996470922,container_fail_percent,ZJ-004-065,1590087579000,0.000000,container_002
999999996470837,container_fail_percent,ZJ-004-065,1590087631000,0.000000,container_001
999999996470922,container_fail_percent,ZJ-004-065,1590087632000,0.000000,container_002
999999996470837,container_fail_percent,ZJ-004-065,1590087701000,0.000000,container_001
999999996470922,container_fail_percent,ZJ-004-065,1590087702000,0.000000,container_002
999999996470837,container_fail_percent,ZJ-004-065,1590087765000,0.000000,container_001
999999996470922,container_fail_percent,ZJ-004-065,1590087767000,0.000000,container_002
999999996470837,container_fail_percent,ZJ-004-065,1590087820000,0.000000,container_001
999999996470922,container_fail_percent,ZJ-004-065,1590087821000,0.000000,container_002
999999996470837,container_fail_percent,ZJ-004-065,1590087878000,0.000000,container_001
999999996470922,container_fail_percent,ZJ-004-065,1590087879000,0.000000,container_002
999999996470837,container_fail_percent,ZJ-004-065,1590087933000,0.000000,container_001
999999996470922,container_fail_percent,ZJ-004-065,1590087934000,0.000000,container_002
999999996470922,container_fail_percent,ZJ-004-065,1590087999000,0.000000,container_002
999999996470837,container_fail_percent,ZJ-004-065,1590088000000,0.000000,container_001
999999996470922,container_fail_percent,ZJ-004-065,1590088062000,0.000000,container_002
999999996470837,container_fail_percent,ZJ-004-065,1590088063000,0.000000,container_001
999999996470922,container_fail_percent,ZJ-004-065,1590088124000,0.000000,container_002
999999996470837,container_fail_percent,ZJ-004-065,1590088124000,0.000000,container_001
999999996470837,container_fail_percent,ZJ-004-065,1590088172000,0.000000,container_001
999999996470922,container_fail_percent,ZJ-004-065,1590088174000,0.000000,container_002
999999996470837,container_fail_percent,ZJ-004-065,1590088236000,0.000000,container_001
999999996470922,container_fail_percent,ZJ-004-065,1590088236000,0.000000,container_002
999999996470837,container_fail_percent,ZJ-004-065,1590088295000,0.000000,container_001
999999996470922,container_fail_percent,ZJ-004-065,1590088295000,0.000000,container_002
999999996470837,container_fail_percent,ZJ-004-065,1590088364000,0.000000,container_001
999999996470922,container_fail_percent,ZJ-004-065,1590088364000,0.000000,container_002
999999996470837,container_fail_percent,ZJ-004-065,1590088430000,0.000000,container_001
999999996470922,container_fail_percent,ZJ-004-065,1590088431000,0.000000,container_002
999999996470837,container_fail_percent,ZJ-004-065,1590088479000,0.000000,container_001
999999996470922,container_fail_percent,ZJ-004-065,1590088479000,0.000000,container_002
999999996470922,container_fail_percent,ZJ-004-065,1590088532000,0.000000,container_002
999999996470837,container_fail_percent,ZJ-004-065,1590088532000,0.000000,container_001
999999996470922,container_fail_percent,ZJ-004-065,1590088603000,0.000000,container_002
999999996470837,container_fail_percent,ZJ-004-065,1590088604000,0.000000,container_001
999999996470922,container_fail_percent,ZJ-004-065,1590088658000,0.000000,container_002
999999996470837,container_fail_percent,ZJ-004-065,1590088658000,0.000000,container_001
999999996470922,container_fail_percent,ZJ-004-065,1590088726000,0.000000,container_002
999999996470837,container_fail_percent,ZJ-004-065,1590088726000,0.000000,container_001
999999996470837,container_fail_percent,ZJ-004-065,1590088771000,0.000000,container_001
999999996470922,container_fail_percent,ZJ-004-065,1590088772000,0.000000,container_002
999999996470922,container_fail_percent,ZJ-004-065,1590088852000,0.000000,container_002
999999996470837,container_fail_percent,ZJ-004-065,1590088852000,0.000000,container_001
999999996470837,container_fail_percent,ZJ-004-065,1590088907000,0.000000,container_001
999999996470922,container_fail_percent,ZJ-004-065,1590088909000,0.000000,container_002
999999996470922,container_fail_percent,ZJ-004-065,1590088969000,0.000000,container_002
999999996470837,container_fail_percent,ZJ-004-065,1590088969000,0.000000,container_001
999999996470837,container_fail_percent,ZJ-004-065,1590089012000,0.000000,container_001
999999996470922,container_fail_percent,ZJ-004-065,1590089014000,0.000000,container_002
999999996470922,container_fail_percent,ZJ-004-065,1590089083000,0.000000,container_002
999999996470837,container_fail_percent,ZJ-004-065,1590089083000,0.000000,container_001
999999996470837,container_fail_percent,ZJ-004-065,1590089143000,0.000000,container_001
999999996470922,container_fail_percent,ZJ-004-065,1590089144000,0.000000,container_002
999999996470837,container_fail_percent,ZJ-004-065,1590089209000,0.000000,container_001
999999996470922,container_fail_percent,ZJ-004-065,1590089210000,0.000000,container_002
999999996470837,container_fail_percent,ZJ-004-065,1590089251000,0.000000,container_001
999999996470922,container_fail_percent,ZJ-004-065,1590089252000,0.000000,container_002
999999996470837,container_fail_percent,ZJ-004-065,1590089323000,0.000000,container_001
999999996470922,container_fail_percent,ZJ-004-065,1590089325000,0.000000,container_002
999999996470922,container_fail_percent,ZJ-004-065,1590089380000,0.000000,container_002
999999996470837,container_fail_percent,ZJ-004-065,1590089380000,0.000000,container_001
999999996470837,container_fail_percent,ZJ-004-065,1590089438000,0.000000,container_001
999999996470922,container_fail_percent,ZJ-004-065,1590089439000,0.000000,container_002
999999996470922,container_fail_percent,ZJ-004-065,1590089493000,0.000000,container_002
999999996470837,container_fail_percent,ZJ-004-065,1590089493000,0.000000,container_001
999999996470837,container_fail_percent,ZJ-004-065,1590089561000,0.000000,container_001
999999996470922,container_fail_percent,ZJ-004-065,1590089562000,0.000000,container_002
999999996470837,container_fail_percent,ZJ-004-065,1590089623000,0.000000,container_001
999999996470922,container_fail_percent,ZJ-004-065,1590089624000,0.000000,container_002
999999996470837,container_fail_percent,ZJ-004-065,1590089682000,0.000000,container_001
999999996470922,container_fail_percent,ZJ-004-065,1590089683000,0.000000,container_002
999999996470922,container_fail_percent,ZJ-004-065,1590089738000,0.000000,container_002
999999996470837,container_fail_percent,ZJ-004-065,1590089738000,0.000000,container_001
999999996470922,container_fail_percent,ZJ-004-065,1590089803000,0.000000,container_002
999999996470837,container_fail_percent,ZJ-004-065,1590089804000,0.000000,container_001
999999996470922,container_fail_percent,ZJ-004-065,1590089858000,0.000000,container_002
999999996470837,container_fail_percent,ZJ-004-065,1590089858000,0.000000,container_001
999999996470922,container_fail_percent,ZJ-004-065,1590089920000,0.000000,container_002
999999996470837,container_fail_percent,ZJ-004-065,1590089921000,0.000000,container_001
999999996470922,container_fail_percent,ZJ-004-065,1590089969000,0.000000,container_002
999999996470837,container_fail_percent,ZJ-004-065,1590089969000,0.000000,container_001
999999996470922,container_fail_percent,ZJ-004-065,1590090036000,0.000000,container_002
999999996470837,container_fail_percent,ZJ-004-065,1590090036000,0.000000,container_001
999999996470922,container_fail_percent,ZJ-004-065,1590090101000,0.000000,container_002
999999996470837,container_fail_percent,ZJ-004-065,1590090101000,0.000000,container_001
999999996470922,container_fail_percent,ZJ-004-065,1590090162000,0.000000,container_002
999999996470837,container_fail_percent,ZJ-004-065,1590090163000,0.000000,container_001
999999996470922,container_fail_percent,ZJ-004-065,1590090218000,0.000000,container_002
999999996470837,container_fail_percent,ZJ-004-065,1590090218000,0.000000,container_001
999999996470922,container_fail_percent,ZJ-004-065,1590090326000,0.000000,container_002
999999996470837,container_fail_percent,ZJ-004-065,1590090326000,0.000000,container_001
999999996470837,container_fail_percent,ZJ-004-065,1590090337000,0.000000,container_001
999999996470922,container_fail_percent,ZJ-004-065,1590090338000,0.000000,container_002
999999996470922,container_fail_percent,ZJ-004-065,1590090403000,0.000000,container_002
999999996470837,container_fail_percent,ZJ-004-065,1590090403000,0.000000,container_001
999999996470837,container_fail_percent,ZJ-004-065,1590090469000,0.000000,container_001
999999996470922,container_fail_percent,ZJ-004-065,1590090470000,0.000000,container_002
999999996470922,container_fail_percent,ZJ-004-065,1590090525000,0.000000,container_002
999999996470837,container_fail_percent,ZJ-004-065,1590090525000,0.000000,container_001
999999996470922,container_fail_percent,ZJ-004-065,1590090575000,0.000000,container_002
999999996470837,container_fail_percent,ZJ-004-065,1590090575000,0.000000,container_001
999999996470922,container_fail_percent,ZJ-004-065,1590090643000,0.000000,container_002
999999996470837,container_fail_percent,ZJ-004-065,1590090643000,0.000000,container_001
999999996470922,container_fail_percent,ZJ-004-065,1590090705000,0.000000,container_002
999999996470837,container_fail_percent,ZJ-004-065,1590090705000,0.000000,container_001
999999996470922,container_fail_percent,ZJ-004-065,1590090758000,0.000000,container_002
999999996470837,container_fail_percent,ZJ-004-065,1590090758000,0.000000,container_001
999999996470922,container_fail_percent,ZJ-004-065,1590090832000,0.000000,container_002
999999996470837,container_fail_percent,ZJ-004-065,1590090832000,0.000000,container_001
999999996470922,container_fail_percent,ZJ-004-065,1590090887000,0.000000,container_002
999999996470837,container_fail_percent,ZJ-004-065,1590090888000,0.000000,container_001
999999996470837,container_fail_percent,ZJ-004-065,1590090940000,0.000000,container_001
999999996470922,container_fail_percent,ZJ-004-065,1590090940000,0.000000,container_002
999999996470837,container_fail_percent,ZJ-004-065,1590091004000,0.000000,container_001
999999996470922,container_fail_percent,ZJ-004-065,1590091004000,0.000000,container_002
999999996470837,container_fail_percent,ZJ-004-065,1590091056000,0.000000,container_001
999999996470922,container_fail_percent,ZJ-004-065,1590091057000,0.000000,container_002
999999996470837,container_fail_percent,ZJ-004-065,1590091124000,0.000000,container_001
999999996470922,container_fail_percent,ZJ-004-065,1590091124000,0.000000,container_002
999999996470837,container_fail_percent,ZJ-004-065,1590091182000,0.000000,container_001
999999996470922,container_fail_percent,ZJ-004-065,1590091182000,0.000000,container_002
999999996470922,container_fail_percent,ZJ-004-065,1590091244000,0.000000,container_002
999999996470837,container_fail_percent,ZJ-004-065,1590091244000,0.000000,container_001
999999996470922,container_fail_percent,ZJ-004-065,1590091295000,0.000000,container_002
999999996470837,container_fail_percent,ZJ-004-065,1590091295000,0.000000,container_001
999999996470837,container_fail_percent,ZJ-004-065,1590091364000,0.000000,container_001
999999996470922,container_fail_percent,ZJ-004-065,1590091366000,0.000000,container_002
999999996470837,container_fail_percent,ZJ-004-065,1590091424000,0.000000,container_001
999999996470922,container_fail_percent,ZJ-004-065,1590091425000,0.000000,container_002
999999996470922,container_fail_percent,ZJ-004-065,1590091484000,0.000000,container_002
999999996470837,container_fail_percent,ZJ-004-065,1590091484000,0.000000,container_001
999999996470922,container_fail_percent,ZJ-004-065,1590091543000,0.000000,container_002
999999996470837,container_fail_percent,ZJ-004-065,1590091543000,0.000000,container_001
999999996470922,container_fail_percent,ZJ-004-065,1590091592000,0.000000,container_002
999999996470837,container_fail_percent,ZJ-004-065,1590091592000,0.000000,container_001
999999996470922,container_fail_percent,ZJ-004-065,1590091671000,0.000000,container_002
999999996470837,container_fail_percent,ZJ-004-065,1590091671000,0.000000,container_001
999999996470837,container_fail_percent,ZJ-004-065,1590091731000,0.000000,container_001
999999996470922,container_fail_percent,ZJ-004-065,1590091732000,0.000000,container_002
999999996470922,container_fail_percent,ZJ-004-065,1590091787000,0.000000,container_002
999999996470837,container_fail_percent,ZJ-004-065,1590091787000,0.000000,container_001
999999996470922,container_fail_percent,ZJ-004-065,1590091846000,0.000000,container_002
999999996470837,container_fail_percent,ZJ-004-065,1590091846000,0.000000,container_001
999999996470837,container_fail_percent,ZJ-004-065,1590091895000,0.000000,container_001
999999996470922,container_fail_percent,ZJ-004-065,1590091896000,0.000000,container_002
999999996470922,container_fail_percent,ZJ-004-065,1590091966000,0.000000,container_002
999999996470837,container_fail_percent,ZJ-004-065,1590091966000,0.000000,container_001
999999996470837,container_fail_percent,ZJ-004-065,1590092023000,0.000000,container_001
999999996470922,container_fail_percent,ZJ-004-065,1590092024000,0.000000,container_002
999999996470922,container_fail_percent,ZJ-004-065,1590092082000,0.000000,container_002
999999996470837,container_fail_percent,ZJ-004-065,1590092082000,0.000000,container_001
999999996470922,container_fail_percent,ZJ-004-065,1590092137000,0.000000,container_002
999999996470837,container_fail_percent,ZJ-004-065,1590092137000,0.000000,container_001
999999996470922,container_fail_percent,ZJ-004-065,1590092203000,0.000000,container_002
999999996470837,container_fail_percent,ZJ-004-065,1590092203000,0.000000,container_001
999999996470922,container_fail_percent,ZJ-004-065,1590092269000,0.000000,container_002
999999996470837,container_fail_percent,ZJ-004-065,1590092269000,0.000000,container_001
999999996470922,container_fail_percent,ZJ-004-065,1590092331000,0.000000,container_002
999999996470837,container_fail_percent,ZJ-004-065,1590092331000,0.000000,container_001
999999996470837,container_fail_percent,ZJ-004-065,1590092391000,0.000000,container_001
999999996470922,container_fail_percent,ZJ-004-065,1590092392000,0.000000,container_002
999999996470922,container_fail_percent,ZJ-004-065,1590092442000,0.000000,container_002
999999996470837,container_fail_percent,ZJ-004-065,1590092442000,0.000000,container_001
999999996470837,container_fail_percent,ZJ-004-065,1590092502000,0.000000,container_001
999999996470922,container_fail_percent,ZJ-004-065,1590092505000,0.000000,container_002
999999996470922,container_fail_percent,ZJ-004-065,1590092552000,0.000000,container_002
999999996470837,container_fail_percent,ZJ-004-065,1590092552000,0.000000,container_001
999999996470837,container_fail_percent,ZJ-004-065,1590092634000,0.000000,container_001
999999996470922,container_fail_percent,ZJ-004-065,1590092635000,0.000000,container_002
999999996470922,container_fail_percent,ZJ-004-065,1590092683000,0.000000,container_002
999999996470837,container_fail_percent,ZJ-004-065,1590092683000,0.000000,container_001
999999996470837,container_fail_percent,ZJ-004-065,1590092744000,0.000000,container_001
999999996470922,container_fail_percent,ZJ-004-065,1590092745000,0.000000,container_002
999999996470922,container_fail_percent,ZJ-004-065,1590092792000,0.000000,container_002
999999996470837,container_fail_percent,ZJ-004-065,1590092792000,0.000000,container_001
999999996470922,container_fail_percent,ZJ-004-065,1590092869000,0.000000,container_002
999999996470837,container_fail_percent,ZJ-004-065,1590092869000,0.000000,container_001
999999996470922,container_fail_percent,ZJ-004-065,1590092919000,0.000000,container_002
999999996470837,container_fail_percent,ZJ-004-065,1590092919000,0.000000,container_001
999999996470922,container_fail_percent,ZJ-004-065,1590092979000,0.000000,container_002
999999996470837,container_fail_percent,ZJ-004-065,1590092979000,0.000000,container_001
999999996470837,container_fail_percent,ZJ-004-065,1590093046000,0.000000,container_001
999999996470922,container_fail_percent,ZJ-004-065,1590093047000,0.000000,container_002
999999996470922,container_fail_percent,ZJ-004-065,1590093100000,0.000000,container_002
999999996470837,container_fail_percent,ZJ-004-065,1590093100000,0.000000,container_001
999999996470922,container_fail_percent,ZJ-004-065,1590093170000,0.000000,container_002
999999996470837,container_fail_percent,ZJ-004-065,1590093170000,0.000000,container_001
999999996470837,container_fail_percent,ZJ-004-065,1590093221000,0.000000,container_001
999999996470922,container_fail_percent,ZJ-004-065,1590093222000,0.000000,container_002
999999996470837,container_fail_percent,ZJ-004-065,1590093284000,0.000000,container_001
999999996470922,container_fail_percent,ZJ-004-065,1590093286000,0.000000,container_002
999999996470837,container_fail_percent,ZJ-004-065,1590093336000,0.000000,container_001
999999996470922,container_fail_percent,ZJ-004-065,1590093336000,0.000000,container_002
999999996470837,container_fail_percent,ZJ-004-065,1590093402000,0.000000,container_001
999999996470922,container_fail_percent,ZJ-004-065,1590093403000,0.000000,container_002
999999996470837,container_fail_percent,ZJ-004-065,1590093468000,0.000000,container_001
999999996470922,container_fail_percent,ZJ-004-065,1590093469000,0.000000,container_002
999999996470837,container_fail_percent,ZJ-004-065,1590093532000,0.000000,container_001
999999996470922,container_fail_percent,ZJ-004-065,1590093532000,0.000000,container_002
999999996470837,container_fail_percent,ZJ-004-065,1590093579000,0.000000,container_001
999999996470922,container_fail_percent,ZJ-004-065,1590093580000,0.000000,container_002
999999996470837,container_fail_percent,ZJ-004-065,1590093640000,0.000000,container_001
999999996470922,container_fail_percent,ZJ-004-065,1590093640000,0.000000,container_002
999999996470837,container_fail_percent,ZJ-004-065,1590093704000,0.000000,container_001
999999996470922,container_fail_percent,ZJ-004-065,1590093705000,0.000000,container_002
999999996470837,container_fail_percent,ZJ-004-065,1590093764000,0.000000,container_001
999999996470922,container_fail_percent,ZJ-004-065,1590093766000,0.000000,container_002
999999996470837,container_fail_percent,ZJ-004-065,1590093815000,0.000000,container_001
999999996470922,container_fail_percent,ZJ-004-065,1590093815000,0.000000,container_002
999999996470837,container_fail_percent,ZJ-004-065,1590093882000,0.000000,container_001
999999996470922,container_fail_percent,ZJ-004-065,1590093883000,0.000000,container_002
999999996470837,container_fail_percent,ZJ-004-065,1590093947000,0.000000,container_001
999999996470922,container_fail_percent,ZJ-004-065,1590093948000,0.000000,container_002
999999996470837,container_fail_percent,ZJ-004-065,1590094005000,0.000000,container_001
999999996470922,container_fail_percent,ZJ-004-065,1590094006000,0.000000,container_002
999999996470837,container_fail_percent,ZJ-004-065,1590094056000,0.000000,container_001
999999996470922,container_fail_percent,ZJ-004-065,1590094056000,0.000000,container_002
999999996470837,container_fail_percent,ZJ-004-065,1590094121000,0.000000,container_001
999999996470922,container_fail_percent,ZJ-004-065,1590094121000,0.000000,container_002
999999996470837,container_fail_percent,ZJ-004-065,1590094179000,0.000000,container_001
999999996470922,container_fail_percent,ZJ-004-065,1590094180000,0.000000,container_002
999999996470922,container_fail_percent,ZJ-004-065,1590094235000,0.000000,container_002
999999996470837,container_fail_percent,ZJ-004-065,1590094235000,0.000000,container_001
999999996470922,container_fail_percent,ZJ-004-065,1590094302000,0.000000,container_002
999999996470837,container_fail_percent,ZJ-004-065,1590094302000,0.000000,container_001
999999996470922,container_fail_percent,ZJ-004-065,1590094361000,0.000000,container_002
999999996470837,container_fail_percent,ZJ-004-065,1590094361000,0.000000,container_001
999999996470922,container_fail_percent,ZJ-004-065,1590094421000,0.000000,container_002
999999996470837,container_fail_percent,ZJ-004-065,1590094422000,0.000000,container_001
999999996470922,container_fail_percent,ZJ-004-065,1590094475000,0.000000,container_002
999999996470837,container_fail_percent,ZJ-004-065,1590094476000,0.000000,container_001
999999996470922,container_fail_percent,ZJ-004-065,1590094538000,0.000000,container_002
999999996470837,container_fail_percent,ZJ-004-065,1590094538000,0.000000,container_001
999999996470922,container_fail_percent,ZJ-004-065,1590094595000,0.000000,container_002
999999996470837,container_fail_percent,ZJ-004-065,1590094595000,0.000000,container_001
999999996470922,container_fail_percent,ZJ-004-065,1590094662000,0.000000,container_002
999999996470837,container_fail_percent,ZJ-004-065,1590094662000,0.000000,container_001
999999996470922,container_fail_percent,ZJ-004-065,1590094724000,0.000000,container_002
999999996470837,container_fail_percent,ZJ-004-065,1590094724000,0.000000,container_001
999999996470922,container_fail_percent,ZJ-004-065,1590094782000,0.000000,container_002
999999996470837,container_fail_percent,ZJ-004-065,1590094783000,0.000000,container_001
999999996470922,container_fail_percent,ZJ-004-065,1590094846000,0.000000,container_002
999999996470837,container_fail_percent,ZJ-004-065,1590094847000,0.000000,container_001
999999996470922,container_fail_percent,ZJ-004-065,1590094904000,0.000000,container_002
999999996470837,container_fail_percent,ZJ-004-065,1590094904000,0.000000,container_001
999999996470922,container_fail_percent,ZJ-004-065,1590094967000,0.000000,container_002
999999996470837,container_fail_percent,ZJ-004-065,1590094968000,0.000000,container_001
999999996470922,container_fail_percent,ZJ-004-065,1590095028000,0.000000,container_002
999999996470837,container_fail_percent,ZJ-004-065,1590095029000,0.000000,container_001
999999996470922,container_fail_percent,ZJ-004-065,1590095088000,0.000000,container_002
999999996470837,container_fail_percent,ZJ-004-065,1590095088000,0.000000,container_001
999999996470922,container_fail_percent,ZJ-004-065,1590095133000,0.000000,container_002
999999996470837,container_fail_percent,ZJ-004-065,1590095135000,0.000000,container_001
999999996470922,container_fail_percent,ZJ-004-065,1590095204000,0.000000,container_002
999999996470837,container_fail_percent,ZJ-004-065,1590095205000,0.000000,container_001
999999996470837,container_fail_percent,ZJ-004-065,1590095266000,0.000000,container_001
999999996470922,container_fail_percent,ZJ-004-065,1590095266000,0.000000,container_002
999999996470837,container_fail_percent,ZJ-004-065,1590095322000,0.000000,container_001
999999996470922,container_fail_percent,ZJ-004-065,1590095322000,0.000000,container_002
999999996470837,container_fail_percent,ZJ-004-065,1590095373000,0.000000,container_001
999999996470922,container_fail_percent,ZJ-004-065,1590095373000,0.000000,container_002
999999996470922,container_fail_percent,ZJ-004-065,1590095444000,0.000000,container_002
999999996470837,container_fail_percent,ZJ-004-065,1590095444000,0.000000,container_001
999999996470922,container_fail_percent,ZJ-004-065,1590095511000,0.000000,container_002
999999996470837,container_fail_percent,ZJ-004-065,1590095512000,0.000000,container_001
999999996470922,container_fail_percent,ZJ-004-065,1590095565000,0.000000,container_002
999999996470837,container_fail_percent,ZJ-004-065,1590095566000,0.000000,container_001
999999996470922,container_fail_percent,ZJ-004-065,1590095623000,0.000000,container_002
999999996470837,container_fail_percent,ZJ-004-065,1590095624000,0.000000,container_001
999999996470922,container_fail_percent,ZJ-004-065,1590095675000,0.000000,container_002
999999996470837,container_fail_percent,ZJ-004-065,1590095675000,0.000000,container_001
999999996470922,container_fail_percent,ZJ-004-065,1590095744000,0.000000,container_002
999999996470837,container_fail_percent,ZJ-004-065,1590095745000,0.000000,container_001
999999996470837,container_fail_percent,ZJ-004-065,1590095804000,0.000000,container_001
999999996470922,container_fail_percent,ZJ-004-065,1590095804000,0.000000,container_002
999999996470837,container_fail_percent,ZJ-004-065,1590095872000,0.000000,container_001
999999996470922,container_fail_percent,ZJ-004-065,1590095872000,0.000000,container_002
999999996470837,container_fail_percent,ZJ-004-065,1590095907000,0.000000,container_001
999999996470922,container_fail_percent,ZJ-004-065,1590095907000,0.000000,container_002
999999996470837,container_fail_percent,ZJ-004-065,1590095967000,0.000000,container_001
999999996470922,container_fail_percent,ZJ-004-065,1590095967000,0.000000,container_002
999999996470922,container_fail_percent,ZJ-004-065,1590096026000,0.000000,container_002
999999996470837,container_fail_percent,ZJ-004-065,1590096026000,0.000000,container_001
999999996470922,container_fail_percent,ZJ-004-065,1590096086000,0.000000,container_002
999999996470837,container_fail_percent,ZJ-004-065,1590096087000,0.000000,container_001
999999996470922,container_fail_percent,ZJ-004-065,1590096148000,0.000000,container_002
999999996470837,container_fail_percent,ZJ-004-065,1590096148000,0.000000,container_001
999999996470922,container_fail_percent,ZJ-004-065,1590096207000,0.000000,container_002
999999996470837,container_fail_percent,ZJ-004-065,1590096208000,0.000000,container_001
999999996470922,container_fail_percent,ZJ-004-065,1590096265000,0.000000,container_002
999999996470837,container_fail_percent,ZJ-004-065,1590096266000,0.000000,container_001
999999996470922,container_fail_percent,ZJ-004-065,1590096326000,0.000000,container_002
999999996470837,container_fail_percent,ZJ-004-065,1590096327000,0.000000,container_001
999999996470922,container_fail_percent,ZJ-004-065,1590096387000,0.000000,container_002
999999996470837,container_fail_percent,ZJ-004-065,1590096387000,0.000000,container_001
999999996470922,container_fail_percent,ZJ-004-065,1590096446000,0.000000,container_002
999999996470837,container_fail_percent,ZJ-004-065,1590096447000,0.000000,container_001
999999996470922,container_fail_percent,ZJ-004-065,1590096506000,0.000000,container_002
999999996470837,container_fail_percent,ZJ-004-065,1590096507000,0.000000,container_001
999999996470922,container_fail_percent,ZJ-004-065,1590096566000,0.000000,container_002
999999996470837,container_fail_percent,ZJ-004-065,1590096566000,0.000000,container_001
999999996470922,container_fail_percent,ZJ-004-065,1590096626000,0.000000,container_002
999999996470837,container_fail_percent,ZJ-004-065,1590096626000,0.000000,container_001
999999996470922,container_fail_percent,ZJ-004-065,1590096686000,0.000000,container_002
999999996470837,container_fail_percent,ZJ-004-065,1590096687000,0.000000,container_001
999999996470922,container_fail_percent,ZJ-004-065,1590096755000,0.000000,container_002
999999996470837,container_fail_percent,ZJ-004-065,1590096756000,0.000000,container_001
999999996470922,container_fail_percent,ZJ-004-065,1590096826000,0.000000,container_002
999999996470837,container_fail_percent,ZJ-004-065,1590096827000,0.000000,container_001
999999996470922,container_fail_percent,ZJ-004-065,1590096881000,0.000000,container_002
999999996470837,container_fail_percent,ZJ-004-065,1590096881000,0.000000,container_001
999999996470922,container_fail_percent,ZJ-004-065,1590096941000,0.000000,container_002
999999996470837,container_fail_percent,ZJ-004-065,1590096941000,0.000000,container_001
999999996470922,container_fail_percent,ZJ-004-065,1590096994000,0.000000,container_002
999999996470837,container_fail_percent,ZJ-004-065,1590096994000,0.000000,container_001
999999996470922,container_fail_percent,ZJ-004-065,1590097063000,0.000000,container_002
999999996470837,container_fail_percent,ZJ-004-065,1590097063000,0.000000,container_001
999999996470922,container_fail_percent,ZJ-004-065,1590097125000,0.000000,container_002
999999996470837,container_fail_percent,ZJ-004-065,1590097125000,0.000000,container_001
999999996470922,container_fail_percent,ZJ-004-065,1590097175000,0.000000,container_002
999999996470837,container_fail_percent,ZJ-004-065,1590097176000,0.000000,container_001
999999996470837,container_fail_percent,ZJ-004-065,1590097241000,0.000000,container_001
999999996470922,container_fail_percent,ZJ-004-065,1590097241000,0.000000,container_002
999999996470922,container_fail_percent,ZJ-004-065,1590097292000,0.000000,container_002
999999996470837,container_fail_percent,ZJ-004-065,1590097293000,0.000000,container_001
999999996470922,container_fail_percent,ZJ-004-065,1590097352000,0.000000,container_002
999999996470837,container_fail_percent,ZJ-004-065,1590097353000,0.000000,container_001
999999996470922,container_fail_percent,ZJ-004-065,1590097426000,0.000000,container_002
999999996470837,container_fail_percent,ZJ-004-065,1590097427000,0.000000,container_001
999999996470922,container_fail_percent,ZJ-004-065,1590097481000,0.000000,container_002
999999996470837,container_fail_percent,ZJ-004-065,1590097482000,0.000000,container_001
999999996470922,container_fail_percent,ZJ-004-065,1590097533000,0.000000,container_002
999999996470837,container_fail_percent,ZJ-004-065,1590097534000,0.000000,container_001
999999996470922,container_fail_percent,ZJ-004-065,1590097602000,0.000000,container_002
999999996470837,container_fail_percent,ZJ-004-065,1590097602000,0.000000,container_001
999999996470922,container_fail_percent,ZJ-004-065,1590097655000,0.000000,container_002
999999996470837,container_fail_percent,ZJ-004-065,1590097655000,0.000000,container_001
999999996470922,container_fail_percent,ZJ-004-065,1590097722000,0.000000,container_002
999999996470837,container_fail_percent,ZJ-004-065,1590097723000,0.000000,container_001
999999996470922,container_fail_percent,ZJ-004-065,1590097782000,0.000000,container_002
999999996470837,container_fail_percent,ZJ-004-065,1590097782000,0.000000,container_001
999999996470922,container_fail_percent,ZJ-004-065,1590097833000,0.000000,container_002
999999996470837,container_fail_percent,ZJ-004-065,1590097833000,0.000000,container_001
999999996470922,container_fail_percent,ZJ-004-065,1590097902000,0.000000,container_002
999999996470837,container_fail_percent,ZJ-004-065,1590097903000,0.000000,container_001
999999996470922,container_fail_percent,ZJ-004-065,1590097965000,0.000000,container_002
999999996470837,container_fail_percent,ZJ-004-065,1590097965000,0.000000,container_001
999999996470922,container_fail_percent,ZJ-004-065,1590098016000,0.000000,container_002
999999996470837,container_fail_percent,ZJ-004-065,1590098016000,0.000000,container_001
999999996470922,container_fail_percent,ZJ-004-065,1590098090000,0.000000,container_002
999999996470837,container_fail_percent,ZJ-004-065,1590098090000,0.000000,container_001
999999996470922,container_fail_percent,ZJ-004-065,1590098149000,0.000000,container_002
999999996470837,container_fail_percent,ZJ-004-065,1590098149000,0.000000,container_001
999999996470922,container_fail_percent,ZJ-004-065,1590098195000,0.000000,container_002
999999996470837,container_fail_percent,ZJ-004-065,1590098195000,0.000000,container_001
999999996470922,container_fail_percent,ZJ-004-065,1590098269000,0.000000,container_002
999999996470837,container_fail_percent,ZJ-004-065,1590098269000,0.000000,container_001
999999996470922,container_fail_percent,ZJ-004-065,1590098319000,0.000000,container_002
999999996470837,container_fail_percent,ZJ-004-065,1590098319000,0.000000,container_001
999999996470922,container_fail_percent,ZJ-004-065,1590098375000,0.000000,container_002
999999996470837,container_fail_percent,ZJ-004-065,1590098375000,0.000000,container_001
